ma,vong,doi_1,doi_2,diem_1,diem_2,boc_tham
A-1,Bảng A - Trận 1 (Lượt 1),Sơn - Thương,Hòa - Hướng,,,
A-2,Bảng A - Trận 2 (Lượt 1),Vui - Hạnh,Kiên - Thắng,,,
A-3,Bảng A - Trận 3 (Lượt 2),Hòa - Hướng,Tưởng - Châu,,,
A-4,Bảng A - Trận 4 (Lượt 2),Sơn - Thương,Kiên - Thắng,,,
A-5,Bảng A - Trận 5 (Lượt 3),Vui - Hạnh,Tưởng - Châu,,,
A-6,Bảng A - Trận 6 (Lượt 3),Hòa - Hướng,Kiên - Thắng,,,
A-7,Bảng A - Trận 7 (Lượt 4),Sơn - Thương,Vui - Hạnh,,,
A-8,Bảng A - Trận 8 (Lượt 4),Kiên - Thắng,Tưởng - Châu,,,
A-9,Bảng A - Trận 9 (Lượt 5),Hòa - Hướng,Vui - Hạnh,,,
A-10,Bảng A - Trận 10 (Lượt 5),Sơn - Thương,Tưởng - Châu,,,
B-1,Bảng B - Trận 1 (Lượt 1),Vinh - Thành,Tuấn - Điệp,,,
B-2,Bảng B - Trận 2 (Lượt 1),Bắc - Hưng,Quyền - Quang,,,
B-3,Bảng B - Trận 3 (Lượt 2),Tuấn - Điệp,Dương - Hương,,,
B-4,Bảng B - Trận 4 (Lượt 2),Vinh - Thành,Quyền - Quang,,,
B-5,Bảng B - Trận 5 (Lượt 3),Bắc - Hưng,Dương - Hương,,,
B-6,Bảng B - Trận 6 (Lượt 3),Tuấn - Điệp,Quyền - Quang,,,
B-7,Bảng B - Trận 7 (Lượt 4),Vinh - Thành,Bắc - Hưng,,,
B-8,Bảng B - Trận 8 (Lượt 4),Quyền - Quang,Dương - Hương,,,
B-9,Bảng B - Trận 9 (Lượt 5),Tuấn - Điệp,Bắc - Hưng,,,
B-10,Bảng B - Trận 10 (Lượt 5),Vinh - Thành,Dương - Hương,,,
C-1,Bảng C - Trận 1 (Lượt 1),Sơn(SH) - Vân,Hải - Thu,,,
C-2,Bảng C - Trận 2 (Lượt 1),Dũng - Chi,Bến - Ngọc,,,
C-3,Bảng C - Trận 3 (Lượt 2),Hải - Thu,Công - Liên,,,
C-4,Bảng C - Trận 4 (Lượt 2),Sơn(SH) - Vân,Bến - Ngọc,,,
C-5,Bảng C - Trận 5 (Lượt 3),Dũng - Chi,Công - Liên,,,
C-6,Bảng C - Trận 6 (Lượt 3),Hải - Thu,Bến - Ngọc,,,
C-7,Bảng C - Trận 7 (Lượt 4),Sơn(SH) - Vân,Dũng - Chi,,,
C-8,Bảng C - Trận 8 (Lượt 4),Bến - Ngọc,Công - Liên,,,
C-9,Bảng C - Trận 9 (Lượt 5),Hải - Thu,Dũng - Chi,,,
C-10,Bảng C - Trận 10 (Lượt 5),Sơn(SH) - Vân,Công - Liên,,,
D-1,Bảng D - Trận 1 (Lượt 1),Hà - Hoa,Thơm - Hiền,,,
D-2,Bảng D - Trận 2 (Lượt 1),Chuyên - Dung,Kim Anh - Lương,,,
D-3,Bảng D - Trận 3 (Lượt 2),Thơm - Hiền,Thủy - Thoa,,,
D-4,Bảng D - Trận 4 (Lượt 2),Hà - Hoa,Kim Anh - Lương,,,
D-5,Bảng D - Trận 5 (Lượt 3),Chuyên - Dung,Thủy - Thoa,,,
D-6,Bảng D - Trận 6 (Lượt 3),Thơm - Hiền,Kim Anh - Lương,,,
D-7,Bảng D - Trận 7 (Lượt 4),Hà - Hoa,Chuyên - Dung,,,
D-8,Bảng D - Trận 8 (Lượt 4),Kim Anh - Lương,Thủy - Thoa,,,
D-9,Bảng D - Trận 9 (Lượt 5),Thơm - Hiền,Chuyên - Dung,,,
D-10,Bảng D - Trận 10 (Lượt 5),Hà - Hoa,Thủy - Thoa,,,
BK1,Giải A - Bán kết 1,Nhất bảng A,Nhì bảng B,,,
BK2,Giải A - Bán kết 2,Nhất bảng B,Nhì bảng A,,,
CKA,Giải A - Chung kết,Thắng BK1,Thắng BK2,,,
H3A,Giải A - Tranh hạng Ba,Thua BK1,Thua BK2,,,
BK3,Giải B - Bán kết 3,Nhất bảng C,Nhì bảng D,,,
BK4,Giải B - Bán kết 4,Nhất bảng D,Nhì bảng C,,,
CKB,Giải B - Chung kết,Thắng BK3,Thắng BK4,,,
H3B,Giải B - Tranh hạng Ba,Thua BK3,Thua BK4,,,
meta:updated,Thời điểm xuất file,2026-10-04T02:17:24.360Z,,,,
